<environmentvariabledefinition schemaname="ya_OWMKey">
  <description default="API Key of OpenWeatherMap.org">
    <label description="API Key of OpenWeatherMap.org" languagecode="1041" />
  </description>
  <displayname default="OWMKey">
    <label description="OWMKey" languagecode="1041" />
  </displayname>
  <introducedversion>1.0.0.0</introducedversion>
  <iscustomizable>1</iscustomizable>
  <isrequired>0</isrequired>
  <secretstore>0</secretstore>
  <type>100000000</type>
</environmentvariabledefinition>