{
  "properties": {
    "connectionReferences": {},
    "definition": {
      "$schema": "https://schema.management.azure.com/providers/Microsoft.Logic/schemas/2016-06-01/workflowdefinition.json#",
      "contentVersion": "1.0.0.0",
      "parameters": {
        "$authentication": {
          "defaultValue": {},
          "type": "SecureObject"
        }
      },
      "triggers": {
        "manual": {
          "metadata": {
            "operationMetadataId": "5fe358e0-a4f0-43c1-84fd-19501c65f783"
          },
          "type": "Request",
          "kind": "PowerAppV2",
          "inputs": {
            "schema": {
              "type": "object",
              "properties": {
                "text": {
                  "title": "Year",
                  "type": "string",
                  "x-ms-dynamically-added": true,
                  "description": "年を指定してください",
                  "x-ms-content-hint": "TEXT"
                }
              },
              "required": [
                "text"
              ]
            }
          }
        }
      },
      "actions": {
        "HTTP": {
          "runAfter": {},
          "metadata": {
            "operationMetadataId": "e6b090e5-a8f8-46d5-b969-9e28cfcdac14"
          },
          "type": "Http",
          "inputs": {
            "method": "GET",
            "uri": "https://holidays-jp.github.io/api/v1/@{triggerBody()['text']}/date.csv"
          }
        },
        "変数を初期化する": {
          "runAfter": {
            "HTTP": [
              "Succeeded"
            ]
          },
          "metadata": {
            "operationMetadataId": "1d85fb03-e7ea-43f6-9462-1cadae046d66"
          },
          "type": "InitializeVariable",
          "inputs": {
            "variables": [
              {
                "name": "holidays",
                "type": "array",
                "value": "@split(replace(body('HTTP'),decodeUriComponent('%0D'),''),decodeUriComponent('%0A'))"
              }
            ]
          }
        },
        "Apply_to_each": {
          "foreach": "@variables('holidays')",
          "actions": {
            "作成": {
              "runAfter": {},
              "metadata": {
                "operationMetadataId": "510e3d24-7b2d-4b68-99e7-a26213ab2576"
              },
              "type": "Compose",
              "inputs": {
                "key": "@first(split(items('Apply_to_each'), ','))",
                "value": "@last(split(items('Apply_to_each'), ','))"
              }
            },
            "配列変数に追加": {
              "runAfter": {
                "作成": [
                  "Succeeded"
                ]
              },
              "metadata": {
                "operationMetadataId": "65f1bd79-8ab6-4a70-8b9d-689b54711e0d"
              },
              "type": "AppendToArrayVariable",
              "inputs": {
                "name": "Result",
                "value": "@outputs('作成')"
              }
            }
          },
          "runAfter": {
            "変数を初期化する_2": [
              "Succeeded"
            ]
          },
          "metadata": {
            "operationMetadataId": "f2c4fb6e-15e5-43f3-82e5-82cc703a9e47"
          },
          "type": "Foreach"
        },
        "変数を初期化する_2": {
          "runAfter": {
            "変数を初期化する": [
              "Succeeded"
            ]
          },
          "metadata": {
            "operationMetadataId": "66c3db8e-f4a7-4bfd-8ef3-b781a17ae86c"
          },
          "type": "InitializeVariable",
          "inputs": {
            "variables": [
              {
                "name": "Result",
                "type": "array"
              }
            ]
          }
        },
        "応答": {
          "runAfter": {
            "Apply_to_each": [
              "Succeeded"
            ]
          },
          "metadata": {
            "operationMetadataId": "23a7bdef-506b-48cc-9dde-15fea9321183"
          },
          "type": "Response",
          "kind": "Http",
          "inputs": {
            "statusCode": 200,
            "body": "@variables('Result')",
            "schema": {
              "type": "array",
              "items": {
                "type": "object",
                "properties": {
                  "key": {
                    "type": "string"
                  },
                  "value": {
                    "type": "string"
                  }
                },
                "required": [
                  "key",
                  "value"
                ]
              }
            }
          }
        }
      },
      "outputs": {}
    }
  },
  "schemaVersion": "1.0.0.0"
}