{
  "properties": {
    "connectionReferences": {},
    "definition": {
      "$schema": "https://schema.management.azure.com/providers/Microsoft.Logic/schemas/2016-06-01/workflowdefinition.json#",
      "contentVersion": "1.0.0.0",
      "parameters": {
        "$authentication": {
          "defaultValue": {},
          "type": "SecureObject"
        }
      },
      "triggers": {
        "manual": {
          "metadata": {
            "operationMetadataId": "d8e13264-9641-4750-9dd0-7d1a9187d377"
          },
          "type": "Request",
          "kind": "PowerAppV2",
          "inputs": {
            "schema": {
              "type": "object",
              "properties": {
                "text": {
                  "title": "URL",
                  "type": "string",
                  "x-ms-dynamically-added": true,
                  "description": "URLを指定してください",
                  "x-ms-content-hint": "TEXT"
                }
              },
              "required": [
                "text"
              ]
            }
          }
        }
      },
      "actions": {
        "HTTP": {
          "runAfter": {},
          "metadata": {
            "operationMetadataId": "94536141-88f4-4ae0-802b-6a420c9a50ff"
          },
          "type": "Http",
          "inputs": {
            "method": "GET",
            "uri": "@triggerBody()['text']"
          }
        },
        "応答": {
          "runAfter": {
            "HTTP": [
              "Succeeded"
            ]
          },
          "metadata": {
            "operationMetadataId": "e27737d4-c389-4fd5-a4f6-83f9c3bb8354"
          },
          "type": "Response",
          "kind": "Http",
          "inputs": {
            "statusCode": 200,
            "body": "@body('HTTP')",
            "schema": {
              "type": "object",
              "properties": {
                "publicTime": {
                  "type": "string"
                },
                "publicTimeFormatted": {
                  "type": "string"
                },
                "publishingOffice": {
                  "type": "string"
                },
                "title": {
                  "type": "string"
                },
                "link": {
                  "type": "string"
                },
                "description": {
                  "type": "object",
                  "properties": {
                    "publicTime": {
                      "type": "string"
                    },
                    "publicTimeFormatted": {
                      "type": "string"
                    },
                    "headlineText": {
                      "type": "string"
                    },
                    "bodyText": {
                      "type": "string"
                    },
                    "text": {
                      "type": "string"
                    }
                  }
                },
                "forecasts": {
                  "type": "array",
                  "items": {
                    "type": "object",
                    "properties": {
                      "date": {
                        "type": "string"
                      },
                      "dateLabel": {
                        "type": "string"
                      },
                      "telop": {
                        "type": "string"
                      },
                      "detail": {
                        "type": "object",
                        "properties": {
                          "weather": {
                            "type": "string"
                          },
                          "wind": {
                            "type": "string"
                          },
                          "wave": {}
                        }
                      },
                      "temperature": {
                        "type": "object",
                        "properties": {
                          "min": {
                            "type": "object",
                            "properties": {
                              "celsius": {},
                              "fahrenheit": {}
                            }
                          },
                          "max": {
                            "type": "object",
                            "properties": {
                              "celsius": {
                                "type": "string"
                              },
                              "fahrenheit": {
                                "type": "string"
                              }
                            }
                          }
                        }
                      },
                      "chanceOfRain": {
                        "type": "object",
                        "properties": {
                          "T00_06": {
                            "type": "string"
                          },
                          "T06_12": {
                            "type": "string"
                          },
                          "T12_18": {
                            "type": "string"
                          },
                          "T18_24": {
                            "type": "string"
                          }
                        }
                      },
                      "image": {
                        "type": "object",
                        "properties": {
                          "title": {
                            "type": "string"
                          },
                          "url": {
                            "type": "string"
                          },
                          "width": {
                            "type": "integer"
                          },
                          "height": {
                            "type": "integer"
                          }
                        }
                      }
                    },
                    "required": []
                  }
                },
                "location": {
                  "type": "object",
                  "properties": {
                    "area": {
                      "type": "string"
                    },
                    "prefecture": {
                      "type": "string"
                    },
                    "district": {
                      "type": "string"
                    },
                    "city": {
                      "type": "string"
                    }
                  }
                },
                "copyright": {
                  "type": "object",
                  "properties": {
                    "title": {
                      "type": "string"
                    },
                    "link": {
                      "type": "string"
                    },
                    "image": {
                      "type": "object",
                      "properties": {
                        "title": {
                          "type": "string"
                        },
                        "link": {
                          "type": "string"
                        },
                        "url": {
                          "type": "string"
                        },
                        "width": {
                          "type": "integer"
                        },
                        "height": {
                          "type": "integer"
                        }
                      }
                    },
                    "provider": {
                      "type": "array",
                      "items": {
                        "type": "object",
                        "properties": {
                          "link": {
                            "type": "string"
                          },
                          "name": {
                            "type": "string"
                          },
                          "note": {
                            "type": "string"
                          }
                        },
                        "required": []
                      }
                    }
                  }
                }
              }
            }
          }
        }
      },
      "outputs": {}
    }
  },
  "schemaVersion": "1.0.0.0"
}