{
  "properties": {
    "connectionReferences": {},
    "definition": {
      "$schema": "https://schema.management.azure.com/providers/Microsoft.Logic/schemas/2016-06-01/workflowdefinition.json#",
      "contentVersion": "1.0.0.0",
      "parameters": {
        "$authentication": {
          "defaultValue": {},
          "type": "SecureObject"
        },
        "OWMKey (ya_OWMKey)": {
          "defaultValue": "374330fd76096da0492e5b68ee00e9b5",
          "type": "String",
          "metadata": {
            "schemaName": "ya_OWMKey",
            "description": "API Key of OpenWeatherMap.org"
          }
        }
      },
      "triggers": {
        "manual": {
          "metadata": {
            "operationMetadataId": "d8e13264-9641-4750-9dd0-7d1a9187d377"
          },
          "type": "Request",
          "kind": "PowerAppV2",
          "inputs": {
            "schema": {
              "type": "object",
              "properties": {
                "text": {
                  "title": "URL",
                  "type": "string",
                  "x-ms-dynamically-added": true,
                  "description": "URLを指定してください",
                  "x-ms-content-hint": "TEXT"
                }
              },
              "required": [
                "text"
              ]
            }
          }
        }
      },
      "actions": {
        "HTTP": {
          "runAfter": {},
          "metadata": {
            "operationMetadataId": "94536141-88f4-4ae0-802b-6a420c9a50ff"
          },
          "type": "Http",
          "inputs": {
            "method": "GET",
            "uri": "@{triggerBody()['text']}&appid=@{parameters('OWMKey (ya_OWMKey)')}"
          }
        },
        "応答": {
          "runAfter": {
            "HTTP": [
              "Succeeded"
            ]
          },
          "metadata": {
            "operationMetadataId": "e27737d4-c389-4fd5-a4f6-83f9c3bb8354"
          },
          "type": "Response",
          "kind": "Http",
          "inputs": {
            "statusCode": 200,
            "body": "@body('HTTP')",
            "schema": {
              "type": "object",
              "properties": {
                "coord": {
                  "type": "object",
                  "properties": {
                    "lon": {
                      "type": "integer"
                    },
                    "lat": {
                      "type": "integer"
                    }
                  }
                },
                "weather": {
                  "type": "array",
                  "items": {
                    "type": "object",
                    "properties": {
                      "id": {
                        "type": "integer"
                      },
                      "main": {
                        "type": "string"
                      },
                      "description": {
                        "type": "string"
                      },
                      "icon": {
                        "type": "string"
                      }
                    },
                    "required": [
                      "id",
                      "main",
                      "description",
                      "icon"
                    ]
                  }
                },
                "base": {
                  "type": "string"
                },
                "main": {
                  "type": "object",
                  "properties": {
                    "temp": {
                      "type": "number"
                    },
                    "feels_like": {
                      "type": "number"
                    },
                    "temp_min": {
                      "type": "number"
                    },
                    "temp_max": {
                      "type": "number"
                    },
                    "pressure": {
                      "type": "integer"
                    },
                    "humidity": {
                      "type": "integer"
                    }
                  }
                },
                "visibility": {
                  "type": "integer"
                },
                "wind": {
                  "type": "object",
                  "properties": {
                    "speed": {
                      "type": "number"
                    },
                    "deg": {
                      "type": "integer"
                    },
                    "gust": {
                      "type": "number"
                    }
                  }
                },
                "clouds": {
                  "type": "object",
                  "properties": {
                    "all": {
                      "type": "integer"
                    }
                  }
                },
                "dt": {
                  "type": "integer"
                },
                "sys": {
                  "type": "object",
                  "properties": {
                    "type": {
                      "type": "integer"
                    },
                    "id": {
                      "type": "integer"
                    },
                    "country": {
                      "type": "string"
                    },
                    "sunrise": {
                      "type": "integer"
                    },
                    "sunset": {
                      "type": "integer"
                    }
                  }
                },
                "timezone": {
                  "type": "integer"
                },
                "id": {
                  "type": "integer"
                },
                "name": {
                  "type": "string"
                },
                "cod": {
                  "type": "integer"
                }
              }
            }
          }
        }
      },
      "outputs": {}
    }
  },
  "schemaVersion": "1.0.0.0"
}